Assay,Taxon,Amp
CMCP_1,Barbus callensis,0.788
CMCP_3,Luciobarbus leptopogon,0.788
CMCP_1,Barbus biscarensis,0.691
CMCP_3,Luciobarbus biscarensis,0.691
CMCP_1,Barbus brachycephalus,0.658
CMCP_1,Barbus capito,0.658
CMCP_3,Luciobarbus brachycephalus,0.658
CMCP_3,Luciobarbus capito,0.658
CMCP_1,Capoeta kosswigi,0.656
CMCP_1,Barbus pallaryi,0.635
CMCP_1,Barbus longiceps,0.634
CMCP_1,Capoeta barroisi,0.625
CMCP_1,Capoeta erhani,0.625
CMCP_1,Capoeta trutta,0.625
CMCP_1,Capoeta turani,0.625
CMCP_3,Luciobarbus guercifensis,0.625
CMCP_1,Barbus comiza,0.601
CMCP_1,Barbus comizo,0.601
CMCP_1,Barbus steindachneri,0.601
CMCP_1,Barbus steindachnerii,0.601
CMCP_3,Luciobarbus comizo,0.601
CMCP_1,Capoeta sieboldii,0.59
CMCP_1,Barbus albanicus,0.571
CMCP_3,Luciobarbus pallaryi,0.567
CMCP_3,Luciobarbus rifensis,0.555
CMCP_1,Barbus apoensis,0.549
CMCP_1,Barbus nasus,0.545
CMCP_3,Luciobarbus yahyaouii,0.545
CMCP_3,Luciobarbus zayanensis,0.545
CMCP_1,Barbus xanthopterus,0.538
CMCP_3,Luciobarbus barbulus,0.538
CMCP_supplement,Barbonymus gonionotus,0.538
CMCP_1,Carassioides acuminatus,0.525
CMCP_1,Capoeta angorae,0.521
CMCP_1,Capoeta buhsei,0.521
CMCP_1,Capoeta caelestis,0.521
CMCP_1,Capoeta capoeta,0.521
CMCP_1,Capoeta coadi,0.521
CMCP_1,Capoeta ferdowsii,0.521
CMCP_supplement,Capoeta damascina,0.521
CMCP_1,Barbus meridionalis,0.511
CMCP_1,Barbus graecus,0.489
CMCP_1,Barbus pectoralis,0.489
CMCP_1,Capoeta mandica,0.489
CMCP_3,Luciobarbus kottelati,0.489
CMCP_1,Barbus barbus,0.464
CMCP_3,Luciocyprinus langsoni,0.461
CMCP_1,Barbus balcanicus,0.448
CMCP_1,Barbus carpathicus,0.448
CMCP_1,Barbus esocinus,0.448
CMCP_1,Barbus magniatlantis,0.448
CMCP_1,Barbus petenyi,0.448
CMCP_1,Barbus setivimensis,0.448
CMCP_1,Capoeta aydinensis,0.448
CMCP_3,Luciobarbus maghrebensis,0.448
CMCP_3,Luciobarbus magniatlantis,0.448
CMCP_3,Luciobarbus nasus,0.448
CMCP_1,Barbus trispilos,0.441
CMCP_1,Albulichthys albuloides,0.433
CMCP_1,Barbus bocagei,0.427
CMCP_3,Luciobarbus bocagei,0.427
CMCP_1,Barbodes schwanenfeldii,0.418
CMCP_1,Barbonymus altus,0.418
CMCP_1,Capoeta pyragyi,0.417
CMCP_1,Capoeta shajariani,0.417
CMCP_1,Acrossocheilus yunnanensis,0.41
CMCP_1,Bangana devdevi,0.402
CMCP_1,Barbus strumicae,0.402
CMCP_1,Capoeta fusca,0.401
CMCP_1,Barbus nyanzae,0.387
CMCP_3,Lobocheilos melanotaenia,0.381
CMCP_1,Capoeta bergamae,0.38
CMCP_1,Capoeta_sp.,0.375
CMCP_5,Cyprinion macrostomum,0.375
CMCP_1,Barbus borysthenicus,0.369
CMCP_1,Barbus oligolepis,0.369
CMCP_1,Capoeta aculeata,0.369
CMCP_1,Capoeta gracilis,0.369
CMCP_5,Spinibarbus caldwelli,0.358
CMCP_5,Spinibarbus denticulatus,0.358
CMCP_supplement,Rasbora einthovenii,0.352
CMCP_3,Onychostoma barbatum,0.347
CMCP_3,Onychostoma fangi,0.347
CMCP_1,Anematichthys repasson,0.343
CMCP_1,Chondrostoma knerii,0.343
CMCP_1,Crossocheilus nigriloba,0.342
CMCP_1,Barbus prionacanthus,0.341
CMCP_3,Onychostoma ovale,0.34
CMCP_1,Barbus kubanicus,0.334
CMCP_supplement,Dawkinsia denisonii,0.333
CMCP_1,Aulopyge huegelii,0.332
CMCP_1,Barboides britzi,0.332
CMCP_1,Barboides gracilis,0.332
CMCP_1,Chondrostoma ceyhanensis,0.332
CMCP_1,Chondrostoma kinzelbachi,0.332
CMCP_1,Chondrostoma nasus,0.332
CMCP_1,Acrossocheilus hemispinus,0.331
CMCP_1,Barbodes lateristriga,0.33
CMCP_1,Capoeta razii,0.33
CMCP_5,Striuntius lineatus,0.33
CMCP_1,Barbus subquincunciatus,0.328
CMCP_1,Barbus castrasibutum,0.327
CMCP_1,Chondrostoma angorense,0.327
CMCP_1,Chondrostoma beysehirense,0.327
CMCP_1,Chondrostoma cyri,0.327
CMCP_1,Chondrostoma oxyrhynchum,0.327
CMCP_1,Chondrostoma prespense,0.327
CMCP_1,Chondrostoma prespensis,0.327
CMCP_1,Chondrostoma vardarense,0.325
CMCP_1,Acrossocheilus longipinnis,0.324
CMCP_1,Cirrhinus cirrhosus,0.323
CMCP_1,Cirrhinus microlepis,0.323
CMCP_supplement,Cirrhinus mrigala,0.323
CMCP_3,Labiobarbus ocellatus,0.321
CMCP_1,Barbus jae,0.319
CMCP_supplement,Gobiobotia filifer,0.317
CMCP_1,Barbus ciscaucasicus,0.315
CMCP_1,Barbus tauricus,0.315
CMCP_1,Chondrostoma vardarensis,0.315
CMCP_3,Percocypris pingi,0.312
CMCP_3,Onychostoma macrolepis,0.306
CMCP_3,Onychostoma virgulatum,0.306
CMCP_1,Crossocheilus langei,0.305
CMCP_1,Achondrostoma salmantinum,0.303
CMCP_1,Barbus sublineatus,0.302
CMCP_3,Oliotius oligolepis,0.302
CMCP_1,Chondrostoma phoxinus,0.299
CMCP_1,Chondrostoma toros,0.295
CMCP_1,Acrossocheilus wuyiensis,0.294
CMCP_1,Chondrostoma holmwoodii,0.294
CMCP_3,Luciobarbus graellsii,0.291
CMCP_1,Barbus biharicus,0.289
CMCP_1,Crossocheilus diplochilus,0.289
CMCP_5,Telestes pleurobipunctatus,0.289
CMCP_supplement,Schizothorax lissolabiata,0.285
CMCP_supplement,Schizothorax dolichonema,0.285
CMCP_1,Chondrostoma arrigonis,0.284
CMCP_1,Chondrostoma toxostoma,0.284
CMCP_3,Parachondrostoma arrigonis,0.284
CMCP_3,Luciobarbus rabatensis,0.283
CMCP_3,Luciosoma setigerum,0.281
CMCP_1,Barbus holotaenia,0.28
CMCP_5,Xenocypris fangi,0.28
CMCP_1,Anematichthys apogon,0.279
CMCP_1,Chondrostoma meandrense,0.279
CMCP_1,Barbus cyclolepis,0.278
CMCP_5,Tor malabaricus,0.277
CMCP_3,Luciobarbus mursa,0.276
CMCP_1,Barbus miolepis,0.273
CMCP_supplement,Tariqilabeo latius,0.273
CMCP_1,Bangana dero,0.27
CMCP_3,Onychostoma elongatum,0.269
CMCP_1,Chondrostoma miegii,0.267
CMCP_3,Parachondrostoma miegii,0.267
CMCP_1,Aspiorhynchus laticeps,0.266
CMCP_1,Capoeta mauricii,0.264
CMCP_1,Carassius langsdorfii,0.264
CMCP_1,Acrossocheilus iridescens,0.263
CMCP_1,Alburnoides eichwaldi,0.263
CMCP_1,Alburnoides ohridanus,0.262
CMCP_1,Alburnoides prespensis,0.262
CMCP_1,Acrossocheilus parallens,0.261
CMCP_3,Onychostoma angustistomata,0.261
CMCP_1,Abramis sapa,0.26
CMCP_1,Acrossocheilus paradoxus,0.26
CMCP_1,Alburnoides devolli,0.259
CMCP_3,Osteochilus schlegelii,0.258
CMCP_3,Pethia nigrofasciata,0.256
CMCP_5,Telestes miloradi,0.255
CMCP_3,Mystacoleucus ectypus,0.254
CMCP_3,Luciocyprinus striolatus,0.253
CMCP_1,Barbus haasi,0.252
CMCP_1,Barbus sclateri,0.252
CMCP_3,Luciobarbus sclateri,0.252
CMCP_3,Microphysogobio koreensis,0.252
CMCP_1,Alburnoides bipunctatus,0.251
CMCP_1,Capoeta banarescui,0.251
CMCP_3,Osteochilichthys thomassi,0.251
CMCP_1,Chondrostoma occidentale,0.25
CMCP_5,Tor sinensis,0.249
CMCP_supplement,Ptychobarbus dipogon,0.249
CMCP_1,Barbus fasciolatus,0.248
CMCP_3,Luciobarbus callensis,0.248
CMCP_5,Carassius gibelio,0.247
CMCP_3,Pethia stoliczkana,0.246
CMCP_5,Squalidus multimaculatus,0.246
CMCP_supplement,Puntius ticto,0.246
CMCP_1,Barbus mattozi,0.245
CMCP_5,Telestes beoticus,0.245
CMCP_1,Alburnoides maculatus,0.244
CMCP_1,Altigena wui,0.244
CMCP_1,Bangana rendahli,0.244
CMCP_supplement,Dawkinsia tambraparniei,0.244
CMCP_3,Mystacoleucus atridorsalis,0.243
CMCP_3,Mystacoleucus lepturus,0.243
CMCP_3,Luciobarbus setivimensis,0.242
CMCP_3,Onychostoma barbatulum,0.242
CMCP_3,Osteobrama feae,0.242
CMCP_1,Barbodes carnaticus,0.241
CMCP_3,Leuciscus peloponnensis,0.241
CMCP_1,Amblyrhynchichthys truncatus,0.239
CMCP_3,Phoxinellus pseudalepidotus,0.239
CMCP_1,Acanthobrama mirabilis,0.238
CMCP_1,Cosmochilus cardinalis,0.238
CMCP_1,Cosmochilus harmandi,0.238
CMCP_5,Vimba mirabilis,0.238
CMCP_5,Spinibarbus sinensis,0.237
CMCP_3,Oreinus meridionalis,0.236
CMCP_3,Oreinus rotundimaxillaris,0.236
CMCP_3,Osteochilus waandersii,0.236
CMCP_supplement,Systomus sarana,0.236
CMCP_1,Alburnoides kosswigi,0.235
CMCP_1,Chondrostoma duriense,0.235
CMCP_1,Chondrostoma willkommii,0.235
CMCP_3,Osteochilus microcephalus,0.235
CMCP_5,Spinibarbus hollandi,0.235
CMCP_1,Alburnoides eichwaldii,0.234
CMCP_1,Chagunius nicholsi,0.234
CMCP_1,Barbichthys laevis,0.233
CMCP_1,Crossocheilus atrilimes,0.233
CMCP_1,Abramis bjoerkna,0.232
CMCP_1,Abramis brama,0.232
CMCP_1,Acrossocheilus spinifer,0.232
CMCP_1,Alburnoides brama,0.232
CMCP_1,Barbus bigornei,0.232
CMCP_1,Barbus euboicus,0.232
CMCP_5,Tincatinca,0.232
CMCP_5,Vimba vimba,0.232
CMCP_5,Garra lorestanensis,0.231
CMCP_3,Leuciscus peloponnesis,0.231
CMCP_3,Notropis nazas,0.231
CMCP_3,Onychostoma minnanense,0.231
CMCP_5,Squalius cii,0.231
CMCP_5,Squalius moreoticus,0.231
CMCP_5,Squalius peloponensis,0.231
CMCP_5,Squalius squalus,0.231
CMCP_1,Abramis ballerus,0.23
CMCP_1,Alburnus heckeli,0.23
CMCP_1,Alburnus mossulensis,0.23
CMCP_1,Alburnus sellal,0.23
CMCP_1,Ballerus ballerus,0.23
CMCP_5,Blicca bjoerkna,0.23
CMCP_1,Chalcalburnus mossulensis,0.23
CMCP_3,Notropis ammophilus,0.23
CMCP_5,Squalius lepidus,0.23
CMCP_1,Acheilognathus yamatsutae,0.228
CMCP_1,Achondrostoma oligolepis,0.228
CMCP_1,Barbus anoplus,0.228
CMCP_1,Chondrostoma macrolepidotus,0.228
CMCP_3,Leuciscus turskyi,0.228
CMCP_3,Osteochilus salsburyi,0.228
CMCP_5,Squalius tenellus,0.228
CMCP_5,Telestes turskyi,0.228
CMCP_supplement,Mylocheilus caurinus,0.228
CMCP_5,Squalidus atromaculatus,0.227
CMCP_5,Tor yingjiangensis,0.227
CMCP_3,Neolissochilus stracheyi,0.226
CMCP_3,Onychostoma krongnoensis,0.226
CMCP_supplement,Raiamas steindachneri,0.226
CMCP_1,Chrosomus oreas,0.224
CMCP_5,Systomus asoka,0.224
CMCP_1,Barbodes wynaadensis,0.223
CMCP_1,Crossocheilus reticulatus,0.223
CMCP_3,Lythrurus roseipinnis,0.223
CMCP_3,Osteochilus nashii,0.223
CMCP_5,Squalius laietanus,0.222
CMCP_1,Chelaethiops bibie,0.221
CMCP_1,Chondrostoma genei,0.221
CMCP_3,Notropis hudsonius,0.221
CMCP_1,Acheilognathus intermedia,0.22
CMCP_5,Tanakia lanceolata,0.22
CMCP_1,Barbus wurtzi,0.219
CMCP_3,Phoxinellus metohiensis,0.219
CMCP_5,Telestes dabar,0.219
CMCP_5,Telestes metohiensis,0.219
CMCP_5,Vimba elongata,0.218
CMCP_1,Barbodes heterostomus,0.217
CMCP_3,Neolissochilus hendersoni,0.217
CMCP_3,Neolissochilus soroides,0.217
CMCP_3,Pethia padamya,0.217
CMCP_5,Tor duronensis,0.217
CMCP_5,Tor khudree,0.217
CMCP_1,Chondrostoma lusitanicum,0.216
CMCP_3,Notropis calientis,0.216
CMCP_5,Vimba melanops,0.216
CMCP_1,Acrossocheilus fasciatus,0.215
CMCP_3,Microphysogobio chenhsienensis,0.215
CMCP_3,Onychostoma gerlachi,0.215
CMCP_3,Onychostoma simum,0.215
CMCP_3,Phoxinellus alepidotus,0.215
CMCP_1,Chondrostoma turiensis,0.214
CMCP_3,Parachondrostoma turiense,0.214
CMCP_3,Pelasgus laconicus,0.214
CMCP_3,Pethia lutea,0.214
CMCP_1,Cirrhinus molitorella,0.213
CMCP_1,Alburnus demiri,0.212
CMCP_3,Phoxinellus croaticus,0.212
CMCP_1,Acheilognathus meridianus,0.211
CMCP_1,Alburnoides thessalicus,0.21
CMCP_1,Alburnus thessalicus,0.21
CMCP_3,Notropis amecae,0.21
CMCP_3,Onychostoma alticorpus,0.21
CMCP_1,Acrossocheilus beijiangensis,0.209
CMCP_1,Alburnoides strymonicus,0.209
CMCP_5,Alburnus chalcoides,0.209
CMCP_1,Barbus wynaadensis,0.209
CMCP_1,Megalobrama amblycephala x Megalobrama terminalis x Megalobrama amblycephala x Megalobrama terminalis,0.209
CMCP_3,Neolissochilus baoshanensis,0.209
CMCP_3,Oreinus dulongensis,0.209
CMCP_3,Oreinus molesworthi,0.209
CMCP_3,Oreinus myzostomus,0.209
CMCP_3,Phreatichthys andruzzii,0.209
CMCP_5,Systomus orphoides,0.209
CMCP_5,Triploid Megalobrama,0.209
CMCP_5,Scardinius erythrophthalmus,0.209
CMCP_1,Alburnus filippi,0.208
CMCP_supplement,Leptobarbus hoevenii,0.208
CMCP_1,Altigena yunnanensis,0.207
CMCP_1,Anaecypris hispanica,0.207
CMCP_1,Barbus fritschii,0.207
CMCP_1,Carasobarbus fritschii,0.207
CMCP_1,Chondrostoma lemmingii,0.207
CMCP_1,Iberochondrostoma lemmingii,0.207
CMCP_3,Phoxinellus krbavensis,0.207
CMCP_3,Phoxinus phoxinus,0.207
CMCP_5,Squalius cephalus,0.207
CMCP_5,Squalius orpheus,0.207
CMCP_5,Squalius prespensis,0.207
CMCP_1,Acheilognathus imberbis,0.206
CMCP_3,Leuciscus borysthenicus,0.206
CMCP_3,Notropis edwardraneyi,0.206
CMCP_3,Petroleuciscus borysthenicus,0.206
CMCP_1,Acanthobrama terraesanctae,0.205
CMCP_3,Leuciscus zrmanjae,0.205
CMCP_3,Notropis chalybaeus,0.205
CMCP_3,Phoxinus steindachneri,0.205
CMCP_5,Squalius svallize,0.205
CMCP_5,Squalius zrmanjae,0.205
CMCP_supplement,Amblypharyngodon mola,0.205
CMCP_1,Acrossocheilus monticola,0.204
CMCP_1,Arabibarbus hadhrami,0.204
CMCP_3,Macrhybopsis storeriana,0.204
CMCP_3,Phoxinus oreas,0.204
CMCP_1,Anabarilius polylepis,0.203
CMCP_1,Chondrostoma polylepis,0.203
CMCP_3,Labeobarbus longidorsalis,0.203
CMCP_3,Labeobarbus mawambiensis,0.203
CMCP_3,Notropis moralesi,0.203
CMCP_3,Pelasgus epiroticus,0.203
CMCP_5,Varicorhinus mariae,0.203
CMCP_5,Varicorhinus sandersi,0.203
CMCP_5,Varicorhinus steindachneri,0.203
CMCP_1,Acanthobrama persidis,0.202
CMCP_1,Aspiolucius esocinus,0.202
CMCP_3,Opsarius bakeri,0.202
CMCP_3,Petroleuciscus persidis,0.202
CMCP_1,Capoeta tinca,0.201
CMCP_3,Lythrurus lirus,0.201
CMCP_1,Acheilognathus omeiensis,0.2
CMCP_1,Caecobarbus geertsii,0.2
CMCP_3,Labeo yunnanensis,0.2
CMCP_3,Leuciscus lucumonis,0.2
CMCP_5,Squalius lucumonis,0.2
CMCP_5,Squalius microlepis,0.2
CMCP_1,Barbus prespensis,0.199
CMCP_1,Barbus rebeli,0.199
CMCP_3,Notropis baileyi,0.199
CMCP_5,Acheilognathus signifer,0.198
CMCP_1,Barbus guiraonis,0.198
CMCP_1,Barbus microcephalus,0.198
CMCP_3,Leuciscus waleckii,0.198
CMCP_3,Luciobarbus microcephalus,0.198
CMCP_3,Lythrurus bellus,0.198
CMCP_3,Macrochirichthys macrochirus,0.198
CMCP_3,Mesobola brevianalis,0.198
CMCP_3,Notropis asperifrons,0.198
CMCP_3,Notropis petersoni,0.198
CMCP_5,Trigonopoma gracile,0.198
CMCP_1,Chrosomus erythrogaster,0.196
CMCP_1,Clinostomus elongatus,0.196
CMCP_3,Leuciscus aradensis,0.196
CMCP_3,Phoxinus bigerri,0.196
CMCP_5,Squalius aradensis,0.196
CMCP_5,Tor hemispinus,0.196
CMCP_1,Acheilognathus tonkinensis,0.195
CMCP_1,Barbodes everetti,0.195
CMCP_1,Chondrostoma olisiponensis,0.195
CMCP_3,Phoxinus tennesseensis,0.195
CMCP_1,Catla catla,0.194
CMCP_3,Leuciscus smyrnaeus,0.194
CMCP_3,Opsaridium peringueyi,0.194
CMCP_5,Squalius agdamicus,0.194
CMCP_5,Squalius fellowesii,0.194
CMCP_5,Squalius platyceps,0.194
CMCP_5,Squalius vardarensis,0.194
CMCP_5,Tor tambra,0.194
CMCP_1,Alburnus scoranza,0.193
CMCP_1,Barbus polylepis,0.193
CMCP_3,Neolissochilus heterostomus,0.193
CMCP_5,Tampichthys ipni,0.193
CMCP_5,Varicorhinus nelspruitensis,0.193
CMCP_1,Alburnoides emineae,0.192
CMCP_1,Barbus perince,0.192
CMCP_3,Leuciscus carolitertii,0.192
CMCP_3,Luxilus cornutus,0.192
CMCP_3,Lythrurus atrapiculus,0.192
CMCP_3,Pachychilon macedonicus,0.192
CMCP_3,Pachychilon pictum,0.192
CMCP_3,Pachychilon pictus,0.192
CMCP_5,Squalius carolitertii,0.192
CMCP_1,Capoeta ekmekciae,0.191
CMCP_3,Lavinia exilicauda,0.191
CMCP_3,Megalobrama pellegrini,0.191
CMCP_3,Megalobrama skolokovii,0.191
CMCP_3,Megalobrama terminalis,0.191
CMCP_3,Paracrossochilus vittatus,0.191
CMCP_5,Squalius berak,0.191
CMCP_5,Tropidophoxinellus spartiaticus,0.191
CMCP_supplement,Hypophthalmichthys nobilis,0.191
CMCP_1,Barbus brazzai,0.19
CMCP_1,Barbus macedonicus,0.19
CMCP_1,Barbus tyberinus,0.19
CMCP_3,Lythrurus snelsoni,0.19
CMCP_3,Macrhybopsis gelida,0.19
CMCP_3,Neobola bottegoi,0.19
CMCP_3,Pachychilon macedonicum,0.19
CMCP_3,Phoxinellus prespensis,0.19
CMCP_1,Barbus johnstonii,0.189
CMCP_1,Barbus marequensis,0.189
CMCP_3,Labeobarbus johnstonii,0.189
CMCP_3,Labiobarbus leptocheilus,0.189
CMCP_3,Neolissochilus hexagonolepis,0.189
CMCP_1,Barbus aeneus,0.188
CMCP_1,Barbus hulstaerti,0.188
CMCP_1,Chondrostoma fahirae,0.188
CMCP_3,Notropis altipinnis,0.188
CMCP_3,Notropis boucardi,0.188
CMCP_1,Barbodes binotatus,0.187
CMCP_1,Chrosomus tennesseensis,0.187
CMCP_1,Codoma ornata,0.187
CMCP_3,Labeobarbus beso,0.187
CMCP_3,Labeobarbus caudovittatus,0.187
CMCP_3,Leuciscus lepidus,0.187
CMCP_3,Margariscus margarita,0.187
CMCP_3,Notropis heterolepis,0.187
CMCP_3,Petroleuciscus smyrnaeus,0.187
CMCP_3,Phoxinellus jadovensis,0.187
CMCP_5,Tor qiaojiensis,0.187
CMCP_5,Varicorhinus beso,0.187
CMCP_1,Brevibora dorsiocellata,0.186
CMCP_5,Yuriria amatlana,0.186
CMCP_5,Yuriria chapalae,0.186
CMCP_1,Acanthalburnus microlepis,0.185
CMCP_1,Acanthobrama microlepis,0.185
CMCP_1,Alburnus kotschyi,0.185
CMCP_3,Leuciscus muticellus,0.185
CMCP_3,Leuciscus souffia,0.185
CMCP_5,Telestes montenegrinus,0.185
CMCP_5,Telestes muticellus,0.185
CMCP_5,Tropidophoxinellus hellenicus,0.185
CMCP_4,Rhinichthys atratulus,0.185
CMCP_1,Acheilognathus polylepis,0.184
CMCP_1,Alburnus albidus,0.184
CMCP_3,Luciobarbus guiraonis,0.184
CMCP_3,Onychostoma lini,0.184
CMCP_3,Pelecus cultratus,0.184
CMCP_3,Notropis rubricroceus,0.183
CMCP_1,Alburnoides economoui,0.182
CMCP_1,Capoeta antalyensis,0.182
CMCP_1,Capoeta baliki,0.182
CMCP_1,Cophecheilus bamen,0.182
CMCP_1,Ctenopharyngodon idellus,0.182
CMCP_3,Leuciscus illyricus,0.182
CMCP_3,Phoxinellus dalmaticus,0.182
CMCP_5,Squalius illyricus,0.182
CMCP_5,Telestes karsticus,0.182
CMCP_5,Rhodeus sinensis,0.182
CMCP_supplement,Ctenopharyngodon idella,0.182
CMCP_1,Alburnus alburnus,0.181
CMCP_1,Alburnus_sp.,0.181
CMCP_1,Carassius cuvieri,0.181
CMCP_3,Labeobarbus compiniei,0.181
CMCP_3,Leuciscus pyrenaicus,0.181
CMCP_3,Ochetobius elongatus,0.181
CMCP_3,Pethia melanomaculata,0.181
CMCP_5,Squalius alburnoides,0.181
CMCP_5,Squalius pyrenaicus,0.181
CMCP_5,Squalius valentinus,0.181
CMCP_5,Telestes croaticus,0.181
CMCP_5,Telestes souffia,0.181
CMCP_5,Yuriria alta,0.181
CMCP_3,Lythrurus umbratilis,0.18
CMCP_3,Macrhybopsis hyostoma,0.18
CMCP_3,Macrhybopsis meeki,0.18
CMCP_3,Macrhybopsis tetranema,0.18
CMCP_3,Moapa coriacea,0.18
CMCP_3,Mesogobio lachneri,0.179
CMCP_3,Pethia narayani,0.179
CMCP_4,Rhinichthys obtusus,0.179
CMCP_4,Semotilus lumbee,0.179
CMCP_1,Ancherythroculter nigrocauda,0.178
CMCP_1,Barbus ethiopicus,0.178
CMCP_1,Barbus thysi,0.178
CMCP_1,Clinostomus funduloides,0.178
CMCP_3,Lythrurus ardens,0.178
CMCP_3,Lythrurus fasciolaris,0.178
CMCP_1,Aphyocypris arcus,0.177
CMCP_1,Barbus viviparus,0.177
CMCP_3,Notropis atherinoides,0.177
CMCP_3,Notropis buchanani,0.177
CMCP_3,Notropis chiliticus,0.177
CMCP_3,Notropis cummingsae,0.177
CMCP_3,Notropis leuciodus,0.177
CMCP_3,Notropis simus,0.177
CMCP_5,Yaoshanicus arcus,0.177
CMCP_4,Rhodeus uyekii,0.177
CMCP_supplement,Osteobrama cotio,0.177
CMCP_1,Acheilognathus somjinensis,0.176
CMCP_1,Barbus humilis,0.176
CMCP_1,Barbus trispilopleura,0.176
CMCP_1,Barilius mesopotamicus,0.176
CMCP_3,Leuciscus polylepis,0.176
CMCP_3,Notropis semperasper,0.176
CMCP_3,Notropis stramineus,0.176
CMCP_2,Pseudorasbora elongata,0.176
CMCP_5,Tanakia tanago,0.176
CMCP_1,Acrossocheilus jishouensis,0.175
CMCP_3,Leuciscus aspius,0.175
CMCP_3,Notropis braytoni,0.175
CMCP_5,Squalidus wolterstorffi,0.175
CMCP_5,Squalius torgalensis,0.175
CMCP_4,Rutilus heckelii,0.175
CMCP_1,Algansea tincella,0.174
CMCP_1,Aspius aspius,0.174
CMCP_1,Biwia springeri,0.174
CMCP_1,Brevibora cheeya,0.174
CMCP_2,Pteronotropis hubbsi,0.174
CMCP_5,Rutilus rutilus,0.174
CMCP_5,Arabibarbus grypus,0.173
CMCP_1,Belligobio nummifer,0.173
CMCP_1,Campostoma oligolepis,0.173
CMCP_3,Neolissochilus hexastichus,0.173
CMCP_3,Notropis maculatus,0.173
CMCP_3,Osteobrama cunma,0.173
CMCP_3,Phoxinellus ghetaldii,0.173
CMCP_5,Squalidus chankaensis,0.173
CMCP_5,Toxabramis houdemeri,0.173
CMCP_1,Acapoeta tanganicae,0.172
CMCP_1,Aspidoparia morar,0.172
CMCP_1,Barbus harterti,0.172
CMCP_1,Carasobarbus harterti,0.172
CMCP_3,Leuciscus keadicus,0.172
CMCP_3,Microphysogobio tungtingensis,0.172
CMCP_3,Notropis blennius,0.172
CMCP_2,Pteronotropis harperi,0.172
CMCP_5,Squalius keadicus,0.172
CMCP_supplement,Cabdio morar,0.172
CMCP_1,Abbottina obtusirostris,0.171
CMCP_1,Achondrostoma arcasii,0.171
CMCP_1,Alburnus escherichii,0.171
CMCP_1,Alburnus filippii,0.171
CMCP_1,Alburnus hohenackeri,0.171
CMCP_1,Anematichthys armatus,0.171
CMCP_1,Chondrostoma arcasii,0.171
CMCP_3,Notropis lutipinnis,0.171
CMCP_3,Notropis ortenburgeri,0.171
CMCP_5,Squalius pursakensis,0.171
CMCP_1,Coreius guichenoti,0.17
CMCP_3,Microphysogobio elongatus,0.17
CMCP_3,Microphysogobio longidorsalis,0.17
CMCP_3,Notropis potteri,0.17
CMCP_3,Opsariichthys evolans,0.17
CMCP_3,Pethia cumingii,0.17
CMCP_5,Squaliobarbus curriculus,0.17
CMCP_1,Barbus trimaculatus,0.169
CMCP_3,Nocomis micropogon,0.169
CMCP_3,Notropis dorsalis,0.169
CMCP_3,Notropis mekistocholas,0.169
CMCP_3,Phoxinellus fontinalis,0.169
CMCP_5,Telestes fontinalis,0.169
CMCP_1,Algansea barbata,0.168
CMCP_1,Barbus canis,0.168
CMCP_1,Barbus chantrei,0.168
CMCP_1,Campostoma pauciradii,0.168
CMCP_1,Carasobarbus canis,0.168
CMCP_1,Carasobarbus chantrei,0.168
CMCP_1,Carasobarbus exulatus,0.168
CMCP_1,Chondrostoma duriensis,0.168
CMCP_1,Crossocheilus oblongus,0.168
CMCP_3,Labeobarbus macroceps,0.168
CMCP_3,Nocomis raneyi,0.168
CMCP_3,Pethia nigripinna,0.168
CMCP_1,Barilius vagra,0.167
CMCP_3,Neolissochilus benasi,0.167
CMCP_3,Oreichthys parvus,0.167
CMCP_2,Pseudophoxinus zekayi,0.167
CMCP_5,Squalidus japonicus,0.167
CMCP_4,Rhodeus amurensis,0.167
CMCP_4,Rutilus frisii,0.167
CMCP_supplement,Leucaspius delineatus,0.167
CMCP_1,Algansea amecae,0.166
CMCP_1,Algansea lacustris,0.166
CMCP_1,Anabarilius duoyiheensis,0.166
CMCP_1,Barbus erubescens,0.166
CMCP_3,Notropis scepticus,0.166
CMCP_3,Parasinilabeo longicorpus,0.166
CMCP_1,Alburnus belvica,0.165
CMCP_1,Anabarilius andersoni,0.165
CMCP_1,Ancherythroculter lini,0.165
CMCP_1,Barbus calidus,0.165
CMCP_1,Barbus tanapelagius,0.165
CMCP_1,Chalcalburnus belvica,0.165
CMCP_3,Luxilus albeolus,0.165
CMCP_3,Lythrurus fumeus,0.165
CMCP_3,Notropis melanostomus,0.165
CMCP_3,Notropis volucellus,0.165
CMCP_3,Oreichthys crenuchoides,0.165
CMCP_5,Squalidus iijimae,0.165
CMCP_5,Squalidus nitens,0.165
CMCP_4,Rhodeus shitaiensis,0.165
CMCP_supplement,Culter recurviceps,0.165
CMCP_1,Acanthobrama lissneri,0.164
CMCP_1,Acheilognathus longipinnis,0.164
CMCP_3,Opsarius bernatziki,0.164
CMCP_3,Opsarius pulchellus,0.164
CMCP_3,Opsopoeodus emiliae,0.164
CMCP_3,Phoxinellus adspersus,0.164
CMCP_3,Phoxinus strandjae,0.164
CMCP_5,Squalius albus,0.164
CMCP_1,Barilius barila,0.163
CMCP_3,Mesogobio tumenensis,0.163
CMCP_3,Notropis ozarcanus,0.163
CMCP_3,Opsarius barnoides,0.163
CMCP_3,Pethia pookodensis,0.163
CMCP_2,Pimephales vigilax,0.163
CMCP_4,Sarcocheilichthys biwaensis,0.163
CMCP_1,Acrossocheilus kreyenbergii,0.162
CMCP_1,Alburnus qalilus,0.162
CMCP_1,Barbus guirali,0.162
CMCP_3,Lepidomeda vittata,0.162
CMCP_3,Notropis imeldae,0.162
CMCP_3,Notropis topeka,0.162
CMCP_5,Xenocypris argentea,0.162
CMCP_4,Rasbora argyrotaenia,0.162
CMCP_4,Sarcocheilichthys kiangsiensis,0.162
CMCP_1,Acheilognathus melanogaster,0.161
CMCP_1,Alburnoides kubanicus,0.161
CMCP_1,Bangana tonkinensis,0.161
CMCP_1,Barbus gananensis,0.161
CMCP_1,Barbus sacratus,0.161
CMCP_3,Labeobarbus gananensis,0.161
CMCP_3,Leptocypris niloticus,0.161
CMCP_3,Microphysogobio kiatingensis,0.161
CMCP_3,Mystacoleucus marginatus,0.161
CMCP_3,Notropis chihuahua,0.161
CMCP_3,Notropis shumardi,0.161
CMCP_3,Parasinilabeo longibarbus,0.161
CMCP_5,Varicorhinus jubae,0.161
CMCP_supplement,Barilius bendelisis,0.161
CMCP_3,Luxilus zonistius,0.16
CMCP_1,Acrocheilus alutaceus,0.159
CMCP_1,Barbus peloponnesius,0.159
CMCP_3,Mekongina erythrospila,0.159
CMCP_3,Notropis perpallidus,0.159
CMCP_3,Pelasgus prespensis,0.159
CMCP_supplement,Amblypharyngodon chulabhornae,0.159
CMCP_1,Alburnus tarichi,0.158
CMCP_1,Anabarilius brevianalis,0.158
CMCP_3,Microdevario nana,0.158
CMCP_3,Microdevario nanus,0.158
CMCP_3,Notropis chlorocephalus,0.158
CMCP_3,Opsaridium boweni,0.158
CMCP_3,Pimephales notatus,0.158
CMCP_4,Relictus solitarius,0.158
CMCP_supplement,Phoxinus keumkang,0.158
CMCP_1,Alburnus attalus,0.157
CMCP_1,Alburnus mandrensis,0.157
CMCP_1,Alburnus schischkovi,0.157
CMCP_1,Alburnus vistonicus,0.157
CMCP_1,Aspius vorax,0.157
CMCP_1,Barbus leonensis,0.157
CMCP_1,Brevibora exilis,0.157
CMCP_1,Chalcalburnus chalcoides,0.157
CMCP_3,Leuciscus vorax,0.157
CMCP_3,Pelasgus thesproticus,0.157
CMCP_3,Phoxinus semotilus,0.157
CMCP_4,Salmostoma bacaila,0.157
CMCP_1,Alburnus baliki,0.156
CMCP_1,Barbus luteus,0.156
CMCP_1,Carasobarbus apoensis,0.156
CMCP_1,Chela maasii,0.156
CMCP_1,Culter alburnus,0.156
CMCP_3,Lythrurus matutinus,0.156
CMCP_3,Malayochela maassi,0.156
CMCP_3,Megalobrama amblycephala,0.156
CMCP_3,Nocomis leptocephalus,0.156
CMCP_3,Notropis cahabae,0.156
CMCP_3,Notropis grandis,0.156
CMCP_3,Notropis scabriceps,0.156
CMCP_2,Pseudophoxinus callensis,0.156
CMCP_2,Pseudophoxinus kervillei,0.156
CMCP_5,Squalidus argentatus,0.156
CMCP_5,Squalidus mantschuricus,0.156
CMCP_4,Puntigrus partipentazona,0.156
CMCP_4,Puntius cauveriensis,0.156
CMCP_4,Puntius kamalika,0.156
CMCP_1,Biwia yodoensis,0.155
CMCP_1,Chagunius baileyi,0.155
CMCP_3,Nocomis platyrhynchus,0.155
CMCP_3,Notropis ariommus,0.155
CMCP_3,Oregonichthys kalawatseti,0.155
CMCP_3,Paralaubuca barroni,0.155
CMCP_3,Pararhinichthys bowersi,0.155
CMCP_2,Platysmacheilus exiguus,0.155
CMCP_1,Acrossocheilus wenchowensis,0.154
CMCP_1,Ancherythroculter daovantieni,0.154
CMCP_1,Aztecula sallaei,0.154
CMCP_1,Barbodes semifasciolatus,0.154
CMCP_1,Barbus bynni,0.154
CMCP_1,Capoeta semifasciolata,0.154
CMCP_3,Ladislavia taczanowskii,0.154
CMCP_3,Microphysogobio amurensis,0.154
CMCP_3,Microphysogobio jeoni,0.154
CMCP_3,Notropis amabilis,0.154
CMCP_3,Notropis procne,0.154
CMCP_3,Notropis sallaei,0.154
CMCP_3,Opsopoeodus emilae,0.154
CMCP_3,Paralaubuca riveroi,0.154
CMCP_3,Paralaubuca typus,0.154
CMCP_3,Phenacobius catostomus,0.154
CMCP_5,Schizothorax plagiostomus,0.154
CMCP_1,Aphyocypris chinensis,0.153
CMCP_1,Chanodichthys erythropterus,0.153
CMCP_5,Cyclocheilichthys apogon,0.153
CMCP_3,Lepidopygopsis typus,0.153
CMCP_3,Metzia lineata,0.153
CMCP_3,Metzia mesembrinum,0.153
CMCP_3,Opsaridium ubangiense,0.153
CMCP_3,Opsariichthys hainanensis,0.153
CMCP_3,Oregonichthys crameri,0.153
CMCP_3,Oregonichthys cramery,0.153
CMCP_3,Paedocypris progenetica,0.153
CMCP_2,Pseudopungtungia tenuicorpus,0.153
CMCP_4,Rasbora wilpita,0.153
CMCP_1,Alburnus timarensis,0.152
CMCP_1,Aphyocypris kikuchii,0.152
CMCP_1,Balantiocheilos melanopterus,0.152
CMCP_1,Barbodes laticeps,0.152
CMCP_1,Barbus grypus,0.152
CMCP_5,Gymnocypris potanini,0.152
CMCP_3,Notemigonus crysoleucas,0.152
CMCP_3,Notropis heterodon,0.152
CMCP_3,Notropis spectrunculus,0.152
CMCP_3,Oreichthys cosuatis,0.152
CMCP_3,Paraleucogobio strigatus,0.152
CMCP_2,Pseudobarbus quathlambae,0.152
CMCP_2,Pseudophoxinus stymphalicus,0.152
CMCP_4,Rhinogobio nasutus,0.152
CMCP_4,Rhinogobio typus,0.152
CMCP_4,Rhinogobio ventralis,0.152
CMCP_1,Alburnus derjugini,0.151
CMCP_1,Bangana tungting,0.151
CMCP_1,Barbus callipterus,0.151
CMCP_1,Barbus taeniurus,0.151
CMCP_3,Microphysogobio exilicauda,0.151
CMCP_4,Sinocyclocheilus anatirostris,0.151
CMCP_1,Bangana elegans,0.15
CMCP_1,Barbonymus schwanenfeldii,0.15
CMCP_1,Barbus intermedius,0.15
CMCP_1,Carasobarbus sublimus,0.15
CMCP_1,Carasobarbus_sp.,0.15
CMCP_3,Labeobarbus acutirostris,0.15
CMCP_3,Labeobarbus brevicephalus,0.15
CMCP_3,Labeobarbus crassibarbis,0.15
CMCP_3,Labeobarbus dainellii,0.15
CMCP_3,Labeobarbus gorgorensis,0.15
CMCP_3,Labeobarbus gorguari,0.15
CMCP_3,Labeobarbus intermedius,0.15
CMCP_3,Labeobarbus longissimus,0.15
CMCP_3,Labeobarbus macrophtalmus,0.15
CMCP_3,Labeobarbus megastoma,0.15
CMCP_3,Labeobarbus nedgia,0.15
CMCP_3,Labeobarbus platydorsus,0.15
CMCP_3,Labeobarbus surkis,0.15
CMCP_3,Labeobarbus truttiformis,0.15
CMCP_3,Labeobarbus tsanensis,0.15
CMCP_3,Notropis atrocaudalis,0.15
CMCP_3,Notropis nubilus,0.15
CMCP_3,Pethia conchonius,0.15
CMCP_3,Pethia sanjaymoluri,0.15
CMCP_5,Squalius castellanus,0.15
CMCP_4,Rhinichthys umatilla,0.15
CMCP_4,Rutilus albus,0.15
CMCP_4,Rutilus basak,0.15
CMCP_supplement,Barbonymus schwanefeldii,0.15
CMCP_1,Alburnus caeruleus,0.149
CMCP_5,Carasobarbus luteus,0.149
CMCP_3,Labeobarbus jubae,0.149
CMCP_3,Luxilus cerasinus,0.149
CMCP_3,Luxilus pilsbryi,0.149
CMCP_3,Notropis sabinae,0.149
CMCP_3,Osteochilus pentalineatus,0.149
CMCP_3,Phoxinus saylori,0.149
CMCP_supplement,Tor douronensis,0.149
CMCP_1,Abbottina rivularis,0.148
CMCP_1,Bangana lemassoni,0.148
CMCP_3,Mylopharyngodon piceus,0.148
CMCP_3,Nocomis asper,0.148
CMCP_3,Nocomis biguttatus,0.148
CMCP_3,Notropis chrosomus,0.148
CMCP_3,Notropis oxyrhynchus,0.148
CMCP_3,Paedocypris carbunculus,0.148
CMCP_3,Phoxinus erythrogaster,0.148
CMCP_supplement,Rasbora borapetensis,0.148
CMCP_1,Alburnus istanbulensis,0.147
CMCP_1,Bangana decora,0.147
CMCP_1,Barbus thamalakanensis,0.147
CMCP_2,Platysmacheilus longibarbatus,0.147
CMCP_5,Varicorhinus maroccanus,0.147
CMCP_4,Schizothorax pelzami,0.147
CMCP_1,Acanthogobio guentheri,0.146
CMCP_1,Crossocheilus burmanicus,0.146
CMCP_3,Phenacobius teretulus,0.146
CMCP_5,Tanakia koreensis,0.146
CMCP_5,Tanakia latimarginata,0.146
CMCP_5,Tanakia limbata,0.146
CMCP_5,Tribolodon brandtii,0.146
CMCP_5,Sarcocheilichthys hainanensis,0.146
CMCP_1,Anabarilius grahami,0.145
CMCP_1,Arabibarbus arabicus,0.145
CMCP_1,Barbodes rhombeus,0.145
CMCP_1,Chelaethiops elongatus,0.145
CMCP_1,Chondrostoma almacai,0.145
CMCP_1,Chondrostoma oretanum,0.145
CMCP_1,Couesius plumbeus,0.145
CMCP_3,Nocomis effusus,0.145
CMCP_3,Notropis suttkusi,0.145
CMCP_3,Paraleucogobio notacanthus,0.145
CMCP_3,Phoxinus oxycephalus,0.145
CMCP_2,Pogonichthys macrolepidotus,0.145
CMCP_5,Siphateles bicolor,0.145
CMCP_5,Tanichthys albonubes,0.145
CMCP_4,Rasbora caudimaculata,0.145
CMCP_4,Rhodeus pseudosericeus,0.145
CMCP_4,Sinocyclocheilus furcodorsalis,0.145
CMCP_4,Sinocyclocheilus guishanensis,0.145
CMCP_4,Sinocyclocheilus huaningensis,0.145
CMCP_4,Sinocyclocheilus oxycephalus,0.145
CMCP_4,Sinocyclocheilus purpureus,0.145
CMCP_4,Sinocyclocheilus qiubeiensis,0.145
CMCP_supplement,Osteochilus melanopleurus,0.145
CMCP_supplement,Cirrhinus reba,0.145
CMCP_1,Acheilognathus macropterus,0.144
CMCP_1,Coreoleuciscus aeruginos,0.144
CMCP_1,Coreoleuciscus splendidus,0.144
CMCP_2,Pseudophoxinus fahirae,0.144
CMCP_5,Xenocyprioides carinatus,0.144
CMCP_4,Romanogobio banaticus,0.144
CMCP_4,Schizocypris altidorsalis,0.144
CMCP_4,Schizopygopsis anteroventris,0.144
CMCP_4,Sinocyclocheilus rhinocerous,0.144
CMCP_1,Aaptosyax grypus,0.143
CMCP_1,Barbus camptacanthus,0.143
CMCP_3,Luxilus coccogenis,0.143
CMCP_3,Oxygymnocypris stewartii,0.143
CMCP_4,Rasbora lacrimula,0.143
CMCP_4,Sarcocheilichthys czerskii,0.143
CMCP_4,Schizopyge curvifrons,0.143
CMCP_4,Schizothorax argentatus,0.143
CMCP_4,Schizothorax lantsangensis,0.143
CMCP_4,Schizothorax pseudoaksaiensis,0.143
CMCP_4,Sinocyclocheilus tianlinensis,0.143
CMCP_1,Abbottina lalinensis,0.142
CMCP_1,Abbottina liaoningensis,0.142
CMCP_1,Acheilognathus peihoensis,0.142
CMCP_1,Ancherythroculter kurematsui,0.142
CMCP_3,Leuciscus baicalensis,0.142
CMCP_3,Leuciscus schmidti,0.142
CMCP_3,Microphysogobio liaohensis,0.142
CMCP_4,Puntius sahyadriensis,0.142
CMCP_4,Rasbora kottelati,0.142
CMCP_4,Scaphognathops bandanensis,0.142
CMCP_4,Sinocyclocheilus altishoulderus,0.142
CMCP_4,Sinocyclocheilus brevibarbatus,0.142
CMCP_4,Sinocyclocheilus flexuosdorsalis,0.142
CMCP_4,Sinocyclocheilus macrocephalus,0.142
CMCP_4,Sinocyclocheilus malacopterus,0.142
CMCP_4,Sinocyclocheilus xichouensis,0.142
CMCP_3,Luxilus cardinalis,0.141
CMCP_3,Osteochilus lini,0.141
CMCP_4,Rasbora sarawakensis,0.141
CMCP_4,Rasbora trilineata,0.141
CMCP_4,Saurogobio xiangjiangensis,0.141
CMCP_4,Schizopygopsis stoliczkai,0.141
CMCP_4,Schizothorax eurystomus,0.141
CMCP_4,Sinocyclocheilus bicornutus,0.141
CMCP_1,Barbus kerstenii,0.14
CMCP_1,Chagunius chagunio,0.14
CMCP_3,Lepidomeda albivallis,0.14
CMCP_3,Lepidomeda aliciae,0.14
CMCP_3,Lepidomeda mollispinis,0.14
CMCP_3,Macrhybopsis aestivalis,0.14
CMCP_3,Phenacobius crassilabrum,0.14
CMCP_2,Platygobio gracilis,0.14
CMCP_2,Pseudophoxinus punicus,0.14
CMCP_5,Snyderichthys copei,0.14
CMCP_5,Tribolodon hakonensis,0.14
CMCP_5,Xenophysogobio nudicorpa,0.14
CMCP_5,Zacco platypus,0.14
CMCP_4,Pteronotropis welaka,0.14
CMCP_4,Rhinichthys falcatus,0.14
CMCP_4,Rostrogobio liaohensis,0.14
CMCP_4,Schizopyge gongshanensis,0.14
CMCP_4,Schizothorax gongshanensis,0.14
CMCP_4,Schizothorax nukiangensis,0.14
CMCP_3,Lepidomeda copei,0.139
CMCP_3,Notemigonus chrysocephalus,0.139
CMCP_3,Notropis rafinesquei,0.139
CMCP_3,Onychostoma lepturum,0.139
CMCP_5,Squalius pamvoticus,0.139
CMCP_4,Puntius conchonius,0.139
CMCP_4,Sarcocheilichthys lacustris,0.139
CMCP_4,Sarcocheilichthys sinensis,0.139
CMCP_supplement,Rasbora daniconius,0.139
CMCP_1,Acanthorhodeus chankaensis,0.138
CMCP_1,Acheilognathus asmussii,0.138
CMCP_1,Acheilognathus majusculus,0.138
CMCP_3,Meda fulgida,0.138
CMCP_3,Microphysogobio rapidus,0.138
CMCP_3,Notropis boops,0.138
CMCP_3,Notropis telescopus,0.138
CMCP_3,Paedocypris micromegethes,0.138
CMCP_3,Parabramis pekinensis,0.138
CMCP_3,Phenacobius uranops,0.138
CMCP_2,Plagopterus argentissimus,0.138
CMCP_4,Richardsonius balteatus,0.138
CMCP_1,Belligobio pengxianensis,0.137
CMCP_1,Campostoma anomalum,0.137
CMCP_1,Catlocarpio siamensis,0.137
CMCP_3,Microrasbora kubotai,0.137
CMCP_3,Notropis rupestris,0.137
CMCP_3,Opsarius canarensis,0.137
CMCP_4,Puntius tetrazona,0.137
CMCP_4,Raiamas guttatus,0.137
CMCP_4,Rasbora vaillantii,0.137
CMCP_4,Saurogobio xiangjiangenesis,0.137
CMCP_4,Schizopyge niger,0.137
CMCP_4,Schizothorax grahami,0.137
CMCP_1,Acheilognathus barbatus,0.136
CMCP_3,Notropis jemezanus,0.136
CMCP_2,Pseudophoxinus handlirschi,0.136
CMCP_4,Rhynchocypris lagowskii,0.136
CMCP_4,Saurogobio gracilicaudatus,0.136
CMCP_4,Sinocyclocheilus cyphotergous,0.136
CMCP_4,Sinocyclocheilus multipunctatus,0.136
CMCP_1,Acheilognathus barbatulus,0.135
CMCP_1,Acheilognathus gracilis,0.135
CMCP_3,Onychostoma meridionale,0.135
CMCP_3,Osteobrama belangeri,0.135
CMCP_2,Pseudobarbus asper,0.135
CMCP_4,Rasbora naggsi,0.135
CMCP_1,Akrokolioplax bicornis,0.134
CMCP_1,Campostoma pullum,0.134
CMCP_3,Notropis longirostris,0.134
CMCP_4,Rasbora rutteni,0.134
CMCP_4,Sarcocheilichthys caobangensis,0.134
CMCP_4,Scardinius scardafa,0.134
CMCP_4,Sinocyclocheilus aquihornes,0.134
CMCP_1,Barilius ardens,0.133
CMCP_3,Microdevario kubotai,0.133
CMCP_3,Microphysogobio nudiventris,0.133
CMCP_3,Microphysogobio yaluensis,0.133
CMCP_3,Notropis anogenus,0.133
CMCP_3,Opsariichthys minutus,0.133
CMCP_5,Tribolodon nakamurai,0.133
CMCP_4,Rasbora paucisqualis,0.133
CMCP_4,Saurogobio immaculatus,0.133
CMCP_1,Acheilognathus hypselonotus,0.132
CMCP_1,Barbus martorelli,0.132
CMCP_3,Luxilus zonatus,0.132
CMCP_3,Phoxinus percnurus,0.132
CMCP_3,Phoxinus perenurus,0.132
CMCP_2,Pseudophoxinus crassus,0.132
CMCP_5,Tribolodon sachalinensis,0.132
CMCP_4,Rasbora armitagei,0.132
CMCP_4,Sarcocheilichthys nigripinnis,0.132
CMCP_4,Sarcocheilichthys variegatus,0.132
CMCP_4,Saurogobio lissilabris,0.132
CMCP_supplement,Lobocheilos bo,0.132
CMCP_1,Barbus cadenati,0.131
CMCP_1,Barbus guineensis,0.131
CMCP_1,Carassius auratus,0.131
CMCP_1,Carassius carassius,0.131
CMCP_3,Natural gynogenetic,0.131
CMCP_5,Opsaridium microlepis,0.131
CMCP_3,Pectenocypris balaena,0.131
CMCP_3,Phenacobius mirabilis,0.131
CMCP_3,Phoxinus eos,0.131
CMCP_5,Squalidus gracilis,0.131
CMCP_5,Sundadanio axelrodi,0.131
CMCP_4,Rasbora kalochroma,0.131
CMCP_4,Rhodeus amarus,0.131
CMCP_1,Acheilognathus koreensis,0.13
CMCP_1,Acheilognathus longibarbatus,0.13
CMCP_4,Puntius hexazona,0.13
CMCP_4,Rasbora cephalotaenia,0.13
CMCP_4,Rasbora jacobsoni,0.13
CMCP_4,Rhodeus ocellatus,0.13
CMCP_4,Rhodeus sericeus,0.13
CMCP_4,Romanogobio ciscaucasicus,0.13
CMCP_4,Romanogobio parvus,0.13
CMCP_4,Semotilus thoreauianus,0.13
CMCP_3,Notropis uranoscopus,0.129
CMCP_2,Pseudolaubuca engraulis,0.129
CMCP_2,Pseudophoxinus beoticus,0.129
CMCP_5,Systomus pleurotaenia,0.129
CMCP_4,Ptychocheilus oregonensis,0.129
CMCP_4,Raiamas batesii,0.129
CMCP_4,Rhinichthys osculus,0.129
CMCP_4,Rutilus rubilio,0.129
CMCP_4,Saurogobio dabryi,0.129
CMCP_1,Barbodes banksi,0.128
CMCP_1,Chondrostoma oligolepis,0.128
CMCP_3,Notropis harperi,0.128
CMCP_2,Pseudogyrinocheilus prochilus,0.128
CMCP_5,Xenocyprioides parvulus,0.128
CMCP_4,Rhinichthys evermanni,0.128
CMCP_4,Rhodeus spinalis,0.128
CMCP_4,Rhynchocypris czekanowskii,0.128
CMCP_4,Saurogobio dumerili,0.128
CMCP_3,Leuciscus burdigalensis,0.127
CMCP_3,Leuciscus oxyrrhis,0.127
CMCP_3,Paracanthobrama guichenoti,0.127
CMCP_2,Pseudophoxinus alii,0.127
CMCP_2,Pseudophoxinus antalyae,0.127
CMCP_2,Pseudophoxinus battalgilae,0.127
CMCP_2,Pseudophoxinus battalgili,0.127
CMCP_4,Raiamas bola,0.127
CMCP_4,Rhodeus albomarginatus,0.127
CMCP_4,Rhodeus atremius,0.127
CMCP_4,Rhynchocypris kumgangensis,0.127
CMCP_4,Sahyadria denisonii,0.127
CMCP_4,Schizopygopsis thermalis,0.127
CMCP_4,Schizopygopsis younghusbandi,0.127
CMCP_supplement,Pseudorasbora parva,0.127
CMCP_1,Acheilognathus tabira,0.126
CMCP_3,Leptocypris modestus,0.126
CMCP_2,Pimephales tenellus,0.126
CMCP_2,Pteronotropis euryzonus,0.126
CMCP_4,Pteronotropis metallicus,0.126
CMCP_4,Ptychocheilus umpquae,0.126
CMCP_4,Rasbora maninjau,0.126
CMCP_4,Rhinichthys cataractae,0.126
CMCP_1,Algansea aphanea,0.125
CMCP_3,Notropis micropteryx,0.125
CMCP_2,Pteronotropis grandipinnis,0.125
CMCP_2,Pteronotropis hypselopterus,0.125
CMCP_4,Puntius titteya,0.125
CMCP_4,Scardinius dergle,0.125
CMCP_supplement,Gymnodiptychus pachycheilus,0.125
CMCP_1,Acheilognathus typus,0.124
CMCP_1,Anabarilius liui,0.124
CMCP_3,Opsariichthys bidens,0.124
CMCP_5,Tanichthys micagemmae,0.124
CMCP_4,Ptychocheilus lucius,0.124
CMCP_4,Rasbora brittani,0.124
CMCP_4,Rastrineobola argentea,0.124
CMCP_4,Rhodeus lighti,0.124
CMCP_4,Rhodeus notatus,0.124
CMCP_4,Romanogobio tenuicorpus,0.124
CMCP_4,Scardinius plotizza,0.124
CMCP_4,Sinocyclocheilus anophthalmus,0.124
CMCP_4,Sinocyclocheilus maculatus,0.124
CMCP_4,Sinocyclocheilus maitianheensis,0.124
CMCP_4,Sinocyclocheilus xunlensis,0.124
CMCP_2,Poropuntius krempfi,0.123
CMCP_2,Pteronotropis merlini,0.123
CMCP_4,Puntius chalakkudiensis,0.123
CMCP_4,Rhodeus meridionalis,0.123
CMCP_4,Romanogobio kesslerii,0.123
CMCP_4,Semotilus corporalis,0.123
CMCP_4,Sinocyclocheilus anshuiensis,0.123
CMCP_4,Sinocyclocheilus macrophthalmus,0.123
CMCP_supplement,Pethia gelius,0.123
CMCP_3,Leuciscus idus,0.122
CMCP_3,Notropis bairdi,0.122
CMCP_3,Phoxinus karsticus,0.122
CMCP_2,Platysmacheilus nudiventris,0.122
CMCP_2,Sinocyclocheilus erythrophthalmus,0.122
CMCP_4,Puntius chelynoides,0.122
CMCP_4,Puntius everetti,0.122
CMCP_4,Rasbora bankanensis,0.122
CMCP_4,Rasbora kalbarensis,0.122
CMCP_4,Rasbora patrickyapi,0.122
CMCP_4,Romanogobio albipinnatus,0.122
CMCP_4,Sarcocheilichthys davidi,0.122
CMCP_4,Scardinius elmaliensis,0.122
CMCP_4,Sinocyclocheilus brevifinus,0.122
CMCP_4,Sinocyclocheilus huangtianensis,0.122
CMCP_1,Chuanchia labiosa,0.121
CMCP_2,Poropuntius laoensis,0.121
CMCP_2,Probarbus jullieni,0.121
CMCP_2,Probarbus labeaminor,0.121
CMCP_2,Pseudaspius leptocephalus,0.121
CMCP_4,Puntius oligolepis,0.121
CMCP_4,Rasbora elegans,0.121
CMCP_4,Scardinius graecus,0.121
CMCP_4,Sinocyclocheilus angularis,0.121
CMCP_4,Sinocyclocheilus liboensis,0.121
CMCP_3,Notropis amoenus,0.12
CMCP_3,Notropis rubellus,0.12
CMCP_3,Percocypris tchangi,0.12
CMCP_2,Poropuntius bantamensis,0.12
CMCP_2,Poropuntius opisthoptera,0.12
CMCP_2,Poropuntius opisthopterus,0.12
CMCP_2,Pseudobarbus senticeps,0.12
CMCP_2,Pseudohemiculter hainanensis,0.12
CMCP_5,Telestes ukliva,0.12
CMCP_4,Raiamas buchholzi,0.12
CMCP_4,Rasbora semilineata,0.12
CMCP_4,Rhinogobio hunanensis,0.12
CMCP_4,Rhynchocypris percnurus,0.12
CMCP_4,Scaphiodonichthys acanthopterus,0.12
CMCP_4,Sinocyclocheilus gracilicaudatus,0.12
CMCP_4,Sinocyclocheilus grahami,0.12
CMCP_4,Sinocyclocheilus hugeibarbus,0.12
CMCP_4,Sinocyclocheilus huizeensis,0.12
CMCP_4,Sinocyclocheilus hyalinus,0.12
CMCP_4,Sinocyclocheilus jii,0.12
CMCP_4,Sinocyclocheilus jiuxuensis,0.12
CMCP_4,Sinocyclocheilus lingyunensis,0.12
CMCP_4,Sinocyclocheilus longibarbatus,0.12
CMCP_4,Sinocyclocheilus mashanensis,0.12
CMCP_4,Sinocyclocheilus qiubeinsis,0.12
CMCP_4,Sinocyclocheilus tingi,0.12
CMCP_4,Sinocyclocheilus yimenensis,0.12
CMCP_1,Barbus eburneensis,0.119
CMCP_1,Boraras maculatus,0.119
CMCP_2,Pseudaspius hakonensis,0.119
CMCP_2,Pseudolaubuca sinensis,0.119
CMCP_5,Squalius aphipsi,0.119
CMCP_4,Rhodeus laoensis,0.119
CMCP_4,Romanogobio benacensis,0.119
CMCP_4,Sinocyclocheilus yangzongensis,0.119
CMCP_4,Sinocyclocheilus yishanensis,0.119
CMCP_3,Luxilus chrysocephalus,0.118
CMCP_3,Pelasgus minutus,0.118
CMCP_2,Poropuntius huangchuchieni,0.118
CMCP_2,Pseudophoxinus anatolicus,0.118
CMCP_5,Thynnichthys thynnoides,0.118
CMCP_4,Pungtungia herzi,0.118
CMCP_4,Rasbora atridorsalis,0.118
CMCP_4,Rasbora borneensis,0.118
CMCP_4,Rasbora subtilis,0.118
CMCP_4,Rhynchocypris jouyi,0.118
CMCP_4,Salmophasia bacaila,0.118
CMCP_4,Saurogobio gymnocheilus,0.118
CMCP_4,Sinocrossocheilus labiata,0.118
CMCP_4,Sinocrossocheilus labiatus,0.118
CMCP_4,Sinocyclocheilus wumengshanensis,0.118
CMCP_3,Microphysogobio chinssuensis,0.117
CMCP_2,Poropuntius bolovenensis,0.117
CMCP_2,Poropuntius carinatus,0.117
CMCP_2,Poropuntius lobocheiloides,0.117
CMCP_2,Poropuntius normani,0.117
CMCP_2,Poropuntius scapanognathus,0.117
CMCP_2,Poropuntius solitus,0.117
CMCP_5,Xenophysogobio boulengeri,0.117
CMCP_4,Puntioplites proctozystron,0.117
CMCP_4,Puntius fasciatus,0.117
CMCP_4,Puntius jerdoni,0.117
CMCP_4,Qianlabeo striatus,0.117
CMCP_4,Rasbora arundinata,0.117
CMCP_4,Schizothorax macropogon,0.117
CMCP_4,Sinocyclocheilus huanjiangensis,0.117
CMCP_4,Sinocyclocheilus macrolepis,0.117
CMCP_supplement,Rasbora lateristriata,0.117
CMCP_1,Bangana lippus,0.116
CMCP_3,Parasinilabeo assimilis,0.116
CMCP_3,Parasinilabeo longiventralis,0.116
CMCP_2,Pseudobarbus afer,0.116
CMCP_2,Pseudobarbus burchelli,0.116
CMCP_2,Pseudohemiculter dispar,0.116
CMCP_5,Squalius malacitanus,0.116
CMCP_4,Ptychobarbus dipogon,0.116
CMCP_4,Puntius kelumi,0.116
CMCP_4,Raiamas salmolucius,0.116
CMCP_4,Raiamas senegalensis,0.116
CMCP_4,Rasbora hobelmani,0.116
CMCP_4,Rasbora steineri,0.116
CMCP_4,Rasbora volzii,0.116
CMCP_4,Rhinogobio cylindricus,0.116
CMCP_4,Rhodeus fangi,0.116
CMCP_4,Sarcocheilichthys parvus,0.116
CMCP_4,Schizopygopsis chengi,0.116
CMCP_4,Schizopygopsis pylzovi,0.116
CMCP_4,Schizothorax curvilabiatus,0.116
CMCP_4,Sinocyclocheilus angustiporus,0.116
CMCP_4,Sinocyclocheilus brevis,0.116
CMCP_1,Barbus paludinosus,0.115
CMCP_3,Microphysogobio kachekensis,0.115
CMCP_3,Microphysogobio yunnanensis,0.115
CMCP_3,Opsarius koratensis,0.115
CMCP_3,Paraqianlabeo lineatus,0.115
CMCP_2,Plagiognathops microlepis,0.115
CMCP_2,Prolixicheilus longisulcus,0.115
CMCP_2,Pseudobarbus phlegethon,0.115
CMCP_2,Pseudogobio vaillanti,0.115
CMCP_5,Tiaroga cobitis,0.115
CMCP_4,Puntioplites falcifer,0.115
CMCP_4,Puntius lateristriga,0.115
CMCP_4,Puntius lineatus,0.115
CMCP_4,Rasbora pauciperforata,0.115
CMCP_4,Rasbora trifasciata,0.115
CMCP_4,Rasbora tuberculata,0.115
CMCP_4,Scaphiodonichthys burmanicus,0.115
CMCP_4,Schizothorax integrilabiatus,0.115
CMCP_4,Schizothorax malacanthus,0.115
CMCP_4,Schizothorax meridionalis,0.115
CMCP_4,Schizothorax molesworthi,0.115
CMCP_4,Schizothorax rotundimaxillaris,0.115
CMCP_4,Sinocrossocheilus megalophthalmus,0.115
CMCP_4,Sinocyclocheilus guilinensis,0.115
CMCP_supplement,Tiaroga cobitis,0.115
CMCP_1,Aphyocypris lini,0.114
CMCP_1,Barbus gurneyi,0.114
CMCP_3,Opsarius caudiocellatus,0.114
CMCP_3,Pectenocypris korthausae,0.114
CMCP_2,Pseudobarbus tenuis,0.114
CMCP_5,Trigonostigma espei,0.114
CMCP_4,Puntioplites bulu,0.114
CMCP_4,Rasbora myersi,0.114
CMCP_4,Rectoris luxiensis,0.114
CMCP_4,Romanogobio belingi,0.114
CMCP_4,Romanogobio vladykovi,0.114
CMCP_4,Sawbwa resplendens,0.114
CMCP_4,Scardinius knezevici,0.114
CMCP_4,Schismatorhynchos nukta,0.114
CMCP_4,Schizothorax chongi,0.114
CMCP_4,Schizothorax davidi,0.114
CMCP_4,Schizothorax dolichonema,0.114
CMCP_4,Schizothorax dulongensis,0.114
CMCP_4,Schizothorax griseus,0.114
CMCP_4,Schizothorax kozlovi,0.114
CMCP_4,Schizothorax lissolabiatus,0.114
CMCP_4,Schizothorax prenanti,0.114
CMCP_4,Schizothorax sinensis,0.114
CMCP_4,Schizothorax yunnanensis,0.114
CMCP_1,Aphyocypris normalis,0.113
CMCP_3,Nicholsicypris normalis,0.113
CMCP_2,Platypharodon extremus,0.113
CMCP_2,Procypris mera,0.113
CMCP_2,Pseudobarbus verloreni,0.113
CMCP_2,Pseudophoxinus maeandri,0.113
CMCP_2,Pseudophoxinus minutus,0.113
CMCP_2,Pseudophoxinus ninae,0.113
CMCP_4,Ptychidio macrops,0.113
CMCP_4,Ptychobarbus chungtienensis,0.113
CMCP_4,Ptychobarbus conirostris,0.113
CMCP_4,Puntioplites waandersi,0.113
CMCP_4,Puntius phutunio,0.113
CMCP_4,Rasbora dorsiocellata,0.113
CMCP_4,Rasboroides vaterifloris,0.113
CMCP_4,Schizothorax biddulphi,0.113
CMCP_4,Semilabeo notabilis,0.113
CMCP_4,Sikukia gudgeri,0.113
CMCP_1,Aphyocypris pulchrilineata,0.112
CMCP_1,Barbus motebensis,0.112
CMCP_3,Ladigesocypris ghigii,0.112
CMCP_3,Ladigesocypris irideus,0.112
CMCP_3,Microphysogobio brevirostris,0.112
CMCP_4,Ptychobarbus kaznakovi,0.112
CMCP_4,Puntius dorsalis,0.112
CMCP_4,Puntius sachsii,0.112
CMCP_4,Puntius semifasciolatus,0.112
CMCP_4,Rasbora aprotaenia,0.112
CMCP_4,Rasbora spilotaenia,0.112
CMCP_4,Richardsonius egregius,0.112
CMCP_4,Salmophasia boopis,0.112
CMCP_4,Schizopygopsis malacanthus,0.112
CMCP_4,Schizothorax waltoni,0.112
CMCP_4,Sinocyclocheilus qujingensis,0.112
CMCP_1,Barbus serra,0.111
CMCP_3,Notropis alborus,0.111
CMCP_2,Pseudogobio esocinus,0.111
CMCP_5,Trigonostigma hengeli,0.111
CMCP_4,Puntius paucimaculatus,0.111
CMCP_4,Rasbora beauforti,0.111
CMCP_4,Rasbora vaterifloris,0.111
CMCP_4,Romanogobio uranoscopus,0.111
CMCP_4,Rutilus alburnoides,0.111
CMCP_4,Rutulis alburnoides,0.111
CMCP_4,Semilabeo obscurus,0.111
CMCP_4,Sinocyclocheilus lateristriatus,0.111
CMCP_1,Barbus macinensis,0.11
CMCP_1,Candidia pingtungensis,0.11
CMCP_2,Pseudorasbora pugnax,0.11
CMCP_4,Puntius sarana,0.11
CMCP_4,Rasbora johannae,0.11
CMCP_4,Romanogobio macropterus,0.11
CMCP_4,Rutilus macrolepidotus,0.11
CMCP_4,Schizopygopsis kessleri,0.11
CMCP_4,Schizothorax macrophthalmus,0.11
CMCP_4,Schizothorax nepalensis,0.11
CMCP_4,Schizothorax oconnori,0.11
CMCP_4,Schizothorax raraensis,0.11
CMCP_4,Schizothorax wangchiachii,0.11
CMCP_4,Sikukia flavicaudata,0.11
CMCP_4,Sinilabeo dero,0.11
CMCP_4,Sinocyclocheilus microphthalmus,0.11
CMCP_3,Leuciscus cephalus,0.109
CMCP_5,Squalius orientalis,0.109
CMCP_5,Squalius turcicus,0.109
CMCP_5,Xenocypris dividi,0.109
CMCP_4,Ptychidio jordani,0.109
CMCP_4,Puntius gelius,0.109
CMCP_4,Puntius melanampyx,0.109
CMCP_4,Puntius thermalis,0.109
CMCP_4,Rasbora paviana,0.109
CMCP_4,Rasbora tubbi,0.109
CMCP_4,Rasbora vulgaris,0.109
CMCP_4,Scardinius acarnanicus,0.109
CMCP_1,Barbodes aurotaeniatus,0.108
CMCP_1,Barbus anema,0.108
CMCP_1,Campostoma ornatum,0.108
CMCP_3,Leuciscus merzbacheri,0.108
CMCP_3,Phoxinus strymonicus,0.108
CMCP_2,Pseudochondrostoma polylepis,0.108
CMCP_2,Pseudorasbora interrupta,0.108
CMCP_4,Rasbora chrysotaenia,0.108
CMCP_4,Rasbora ennealepis,0.108
CMCP_4,Rasbora rubrodorsalis,0.108
CMCP_4,Rhodeus suigensis,0.108
CMCP_4,Schizothorax esocinus,0.108
CMCP_4,Schizothorax labiatus,0.108
CMCP_4,Schizothorax progastus,0.108
CMCP_4,Schizothorax richardsonii,0.108
CMCP_1,Barbus ablabes,0.107
CMCP_2,Pseudogobio guilinensis,0.107
CMCP_5,Telestes polylepis,0.107
CMCP_4,Ptychidio longibarbus,0.107
CMCP_4,Puntius arulius,0.107
CMCP_4,Rhynchocypris oxycephalus,0.107
CMCP_4,Schizopygopsis kialingensis,0.107
CMCP_4,Sinibrama melrosei,0.107
CMCP_1,Acheilognathus cyanostigma,0.106
CMCP_3,Nipponocypris koreanus,0.106
CMCP_3,Nipponocypris temminckii,0.106
CMCP_3,Notropis bifrenatus,0.106
CMCP_3,Notropis greenei,0.106
CMCP_3,Opsariichthys uncirostris,0.106
CMCP_5,Toxabramis swinhonis,0.106
CMCP_5,Xenocypris hupeinensis,0.106
CMCP_5,Zacco temminckii,0.106
CMCP_4,Rasbora dusonensis,0.106
CMCP_4,Scaphognathops stejnegeri,0.106
CMCP_supplement,Rohtee ogilbii,0.106
CMCP_1,Abbottina binhi,0.105
CMCP_3,Notropis girardi,0.105
CMCP_2,Procypris rabaudi,0.105
CMCP_2,Pseudocrossocheilus papillolabrus,0.105
CMCP_2,Pseudocrossocheilus tridentis,0.105
CMCP_2,Pseudorasbora pumila,0.105
CMCP_5,Zacco sieboldii,0.105
CMCP_4,Pteronotropis signipinnis,0.105
CMCP_4,Rasbora laticlavia,0.105
CMCP_4,Rasbora rasbora,0.105
CMCP_4,Rasbora sumatrana,0.105
CMCP_4,Rutilus arcasii,0.105
CMCP_supplement,Zacco sieboldii,0.105
CMCP_1,Algansea avia,0.104
CMCP_3,Pararasbora moltrechti,0.104
CMCP_2,Pseudochondrostoma willkommii,0.104
CMCP_5,Xenocypris davidi,0.104
CMCP_5,Xenocypris microlepis,0.104
CMCP_5,Xenocypris yunnanensis,0.104
CMCP_4,Sinocrossocheilus liuchengensis,0.104
CMCP_3,Luciosoma bleekeri,0.103
CMCP_5,Systomus martenstyni,0.103
CMCP_4,Rasbora tornieri,0.103
CMCP_4,Rutilus lemmingii,0.103
CMCP_4,Sinibrama macrops,0.103
CMCP_4,Sinibrama wui,0.103
CMCP_1,Barbus pallidus,0.102
CMCP_3,Phoxinus ujmonensis,0.102
CMCP_2,Prolabeops melanhypopterus,0.102
CMCP_2,Pseudocrossocheilus bamaensis,0.102
CMCP_2,Pseudocrossocheilus longibullus,0.102
CMCP_2,Pseudocrossocheilus nigrovittatus,0.102
CMCP_4,Sinocrossocheilus bamaensis,0.102
CMCP_4,Sinocrossocheilus guizhouensis,0.102
CMCP_1,Barbus macrops,0.101
CMCP_1,Chanodichthys dabryi,0.101
CMCP_3,Metzia longinasus,0.101
CMCP_3,Microdevario gatesi,0.101
CMCP_3,Notropis wickliffi,0.101
CMCP_3,Pethia reval,0.101
CMCP_4,Raiamas christyi,0.101
CMCP_4,Rectoris posehensis,0.101
CMCP_4,Sinibrama taeniatus,0.101
CMCP_4,Sinilabeo rendahli,0.101
CMCP_1,Coreius heterodon,0.1
CMCP_3,Parazacco spilurus,0.1
CMCP_1,Ancherythroculter wangi,0.099
CMCP_1,Barbus baudoni,0.099
CMCP_1,Chanodichthys mongolicus,0.099
CMCP_1,Chela dadiburjori,0.099
CMCP_1,Chela dadyburjori,0.099
CMCP_3,Laubuka lankensis,0.099
CMCP_3,Notropis candidus,0.099
CMCP_3,Oreoleuciscus humilis,0.099
CMCP_3,Oreoleuciscus potanini,0.099
CMCP_2,Placocheilus caudofasciatus,0.099
CMCP_2,Pseudobrama simoni,0.099
CMCP_1,Barbus brevipinnis,0.098
CMCP_1,Acanthorhodeus gracilis,0.097
CMCP_1,Barbus pobeguini,0.097
CMCP_1,Boraras merah,0.097
CMCP_1,Candidia barbata,0.097
CMCP_1,Candidia barbatus,0.097
CMCP_3,Laubuca caeruleostigmata,0.097
CMCP_3,Notropis photogenis,0.097
CMCP_3,Paracheilognathus himantegus,0.097
CMCP_3,Parachela williaminae,0.097
CMCP_5,Tanakia himantegus,0.097
CMCP_5,Tinca tinca,0.097
CMCP_1,Barbus lineomaculatus,0.096
CMCP_1,Barbus neefi,0.096
CMCP_1,Barilius malabaricus,0.096
CMCP_3,Laubuca fasciata,0.096
CMCP_3,Laubuca laubuca,0.096
CMCP_3,Metzia formosae,0.096
CMCP_1,Biwia zezera,0.095
CMCP_1,Boraras brigittae,0.095
CMCP_3,Microphysogobio fukiensis,0.095
CMCP_5,Systomus tetrazona,0.095
CMCP_supplement,Pimephales promelas,0.095
CMCP_1,Clypeobarbus congicus,0.094
CMCP_1,Clypeobarbus pleuropholis,0.094
CMCP_3,Microphysogobio alticorpus,0.094
CMCP_5,Osteochilus spilurus,0.094
CMCP_5,Siphateles alvordensis,0.094
CMCP_5,Siphateles boraxobius,0.094
CMCP_supplement,Microrasbora rubescens,0.094
CMCP_1,Algansea monticola,0.093
CMCP_1,Barbus tiekoroi,0.093
CMCP_3,Labiobarbus lineatus,0.092
CMCP_3,Microphysogobio tafangensis,0.092
CMCP_3,Nematobramis steindachneri,0.092
CMCP_3,Opsariichthys pachycephalus,0.092
CMCP_5,Zacco pachycephalus,0.092
CMCP_supplement,Microrasbora erythromicron,0.092
CMCP_3,Parachela maculicauda,0.091
CMCP_1,Acheilognathus rhombeus,0.09
CMCP_3,Parachela oxygastroides,0.09
CMCP_1,Acheilognathus deignani,0.089
CMCP_1,Chrosomus cumberlandensis,0.089
CMCP_3,Phoxinus cumberlandensis,0.089
CMCP_1,Barbus aspilus,0.088
CMCP_3,Phoxinus neogaeus,0.088
CMCP_5,Thynnichthys polylepis,0.088
CMCP_supplement,Semotilus atromaculatus,0.088
CMCP_1,Agosia chrysogaster,0.087
CMCP_3,Laubuca dadiburjori,0.087
CMCP_5,Semotilus atromaculatus,0.087
CMCP_3,Opsariichthys duchuunguyeni,0.086
CMCP_3,Notropis percobromus,0.085
CMCP_3,Notropis texanus,0.08
CMCP_3,Notropis xaenocephalus,0.08
CMCP_1,Alburnus orontis,0.078
CMCP_1,Betadevario ramachandrani,0.077
